0,51.5090161,-0.161622462,0,0,-1.54289229
0.5,51.509071,-0.161483715,0.168424033,-0.0310037574,-0.454433616
1,51.5091045,-0.161407528,0.294659989,-0.0104662117,-0.648644571
1.5,51.5091294,-0.161356066,0.532232066,-0.0216386356,-1.14019886
2,51.5091485,-0.161319075,0.742078231,-0.00876967422,-1.74580632
2.5,51.5091648,-0.161291497,0.991167625,0.00157568603,-1.42019183
3,51.5091793,-0.161268715,1.24110629,0.00825434131,-0.802131259
3.5,51.5091925,-0.161249908,1.24551477,-0.0126411165,-0.390041516
4,51.5092048,-0.161234165,1.35434361,-0.0176933101,-1.48950808
4.5,51.5092163,-0.161220563,1.16291354,-0.00495074006,-1.24748767
5,51.5092263,-0.161209301,1.31635699,-0.00100314792,-0.918159313
5.5,51.5092366,-0.161199557,1.22905877,-0.0195558327,-0.669658329
6,51.5092455,-0.161190796,1.32916302,0.0175376286,-1.17722112
6.5,51.5092545,-0.161182737,1.19260255,0.0270583319,-0.47026871
7,51.509263,-0.16117561,1.30189382,-0.00332363721,-0.399055689
7.5,51.5092714,-0.161169016,1.26143696,0.0117103279,-0.000417520831
8,51.5092794,-0.161162904,1.24928566,0.00265914551,-0.134048945
8.5,51.5092872,-0.161157391,1.26409805,-0.00353853429,-0.424338531
9,51.5092948,-0.16115244,1.21095494,0.0079966682,-0.579694168
9.5,51.509302,-0.161147809,1.34046587,0.0369522743,0.849193922
10,51.5093095,-0.161143678,1.1704787,0.0394821149,1.39397886
10.5,51.5093163,-0.161140067,1.31557125,0.0209099523,1.32300326
11,51.5093235,-0.161136866,1.17107318,0.00231632773,1.16461011
11.5,51.50933,-0.161133737,1.37977722,0.0245135338,0.812077222
12,51.5093372,-0.161130948,1.13090708,-0.00403712283,0.576436558
12.5,51.5093433,-0.161128372,1.38465753,-0.0133169461,0.690577207
13,51.5093505,-0.161125978,1.08731119,-0.00662638935,0.214751359
13.5,51.5093564,-0.161123897,1.4187183,0.00544791797,-0.237759135
14,51.5093637,-0.161121839,1.08712552,0.00759143488,-0.508280287
14.5,51.5093693,-0.161120063,1.44809451,-0.0280748164,-0.314833309
15,51.5093765,-0.161118388,1.02092749,-0.0362932332,-0.6233453
15.5,51.5093817,-0.161116601,1.47160836,-0.023139582,-1.65495099
16,51.5093888,-0.161114969,1.01560196,-0.0133267671,-2.12051304
16.5,51.509394,-0.161113295,1.45413287,-0.00951681287,-1.75634076
17,51.5094009,-0.161111676,1.00271263,-0.00294910767,-1.33909437
17.5,51.509406,-0.161110067,1.47747272,-0.000504378118,-1.3343137
18,51.5094132,-0.161108304,0.997194577,0.00274759223,-1.39661115
18.5,51.5094181,-0.161106642,1.50345701,-0.00681142786,-1.06774293
19,51.5094255,-0.161104893,0.938835678,0.00417625779,-0.686747057
19.5,51.50943,-0.161103206,1.60200494,0.0103537066,-0.529242112
20,51.5094377,-0.161101716,0.874710276,0.012718835,-0.592159265
20.5,51.5094419,-0.161100214,1.58329882,0.0066449354,-0.536187597
21,51.5094492,-0.161098686,0.886183546,0.0149510904,-0.935648931
21.5,51.5094534,-0.161097166,1.58394857,0.00955815347,-0.39079216
22,51.509461,-0.161096036,0.890227557,-0.0147029026,-0.477444216
22.5,51.5094654,-0.161095074,1.61679524,-0.0197647268,-0.965344221
23,51.5094729,-0.161094321,0.922833368,-0.0170904001,-0.376369102
23.5,51.5094772,-0.161093362,1.53111971,0.0131784189,-0.207179826
24,51.5094845,-0.161092343,0.937951625,0.0100908224,-0.350313513
24.5,51.5094889,-0.161091443,1.54594054,-0.00536820449,-0.520011036
25,51.5094961,-0.161090659,0.966176747,-0.00681988504,-0.630890926
25.5,51.5095007,-0.161089998,1.5667453,-0.0343962155,-0.747317456
26,51.5095079,-0.161089263,0.927916771,-0.0071810728,-0.799732704
26.5,51.5095123,-0.161088587,1.54596547,-0.0248018158,-1.31558646
27,51.5095193,-0.161087928,0.909552731,-0.0133463829,-1.39182062
27.5,51.5095236,-0.161087419,1.53085662,-0.0449333405,-0.984428108
28,51.5095307,-0.161086928,0.937409596,-0.0352688645,-1.01991291
28.5,51.5095352,-0.161086531,1.53502641,-0.0345503294,-0.773873325
29,51.5095423,-0.161086151,0.961901658,-0.04390496,-1.05916557
29.5,51.5095468,-0.161085756,1.54777184,-0.0296941174,-0.719168822
30,51.5095539,-0.161085228,0.939893253,-0.012767181,-0.622701075
30.5,51.5095584,-0.161084647,1.56149068,-0.0169110094,-0.945694124
31,51.5095655,-0.161084064,0.924655417,-0.012322664,-0.46010925
31.5,51.5095699,-0.161083423,1.54404031,-0.00319639883,-0.321908638
32,51.5095768,-0.161082845,0.929146033,-0.0107943906,0.52669918
32.5,51.5095805,-0.161082152,1.35143687,-0.0208576744,-0.109297177
33,51.5095861,-0.161081608,0.431675934,-0.0169615202,-1.25154372
33.5,51.5095874,-0.161081158,0.871705403,-0.0208299874,-0.827671323
34,51.5095908,-0.161080632,-0.150505338,-0.00228364393,-0.371331735
34.5,51.5095905,-0.161079791,0.533476541,0.0675433132,14.9124234
35,51.509593,-0.161078488,-0.0700155465,0.137052239,29.9245803
35.5,51.5095927,-0.161076778,0.467345799,0.16737514,45.0982319
36,51.5095948,-0.161074953,-0.150327844,0.248257579,60.5830546
36.5,51.509594,-0.161072556,0.318591434,0.193001511,75.696562
37,51.5095955,-0.161070681,-0.258288737,0.29160981,90.2250475
37.5,51.5095943,-0.161067861,0.237330778,0.146894562,104.715674
38,51.5095953,-0.161066325,-0.391185626,0.326843849,118.901188
38.5,51.5095936,-0.161063705,0.13269675,0.057500767,133.173126
39,51.5095941,-0.161062984,-0.498316432,0.241190025,147.293474
39.5,51.509592,-0.161061033,0.0320623793,-0.035989041,163.188786
40,51.509592,-0.16106107,-0.499944335,0.103699239,178.688622
40.5,51.5095892,-0.161059781,-0.245639504,-0.0715296868,178.844827
41,51.5095875,-0.161060057,-1.018464,0.0930403752,178.759067
41.5,51.5095824,-0.161058798,-0.744443572,-0.0913544533,179.892529
42,51.5095785,-0.161059008,-1.53345355,0.0970785644,180.434892
42.5,51.5095719,-0.161057777,-1.01588925,-0.0842358839,179.702578
43,51.5095675,-0.161057931,-1.54777952,0.124365495,179.303305
43.5,51.5095608,-0.161056733,-0.908308586,-0.0996909385,179.80444
44,51.5095567,-0.161057121,-1.55335825,0.0816107231,179.89801
44.5,51.5095498,-0.161055975,-0.921604756,-0.104891589,180.244348
45,51.5095456,-0.161056086,-1.54152644,0.119164958,180.078651
45.5,51.5095387,-0.161054888,-0.929313588,-0.112419092,180.236326
46,51.5095346,-0.161055134,-1.62770594,0.100380222,180.529269
46.5,51.5095274,-0.161054219,-0.884181073,-0.134753947,180.476695
47,51.5095233,-0.161054787,-1.6171499,0.072155898,180.069533
47.5,51.5095161,-0.161053944,-0.893922862,-0.129224266,179.57188
48,51.5095122,-0.161054545,-1.62633211,0.0696437514,179.676487
48.5,51.509505,-0.161053518,-0.959599012,-0.107641229,180.068259
49,51.5095008,-0.161054063,-1.57211447,0.0740425903,180.197035
49.5,51.5094937,-0.161052973,-0.933273001,-0.070524859,178.964921
50,51.5094897,-0.161053338,-1.60196288,0.106000014,179.162711
50.5,51.5094827,-0.161052314,-0.901687204,-0.0847588392,178.771619
51,51.5094787,-0.161052769,-1.58265713,0.111602636,178.490921
51.5,51.5094717,-0.161051715,-0.88620494,-0.0918582015,178.925129
52,51.5094678,-0.16105203,-1.52856808,0.113433193,179.576514
52.5,51.5094611,-0.161050949,-0.940930762,-0.0907738149,179.606268
53,51.5094569,-0.161051373,-1.54877984,0.0892336623,180.246972
53.5,51.5094499,-0.16105038,-0.907452482,-0.0985909973,180.746465
54,51.5094458,-0.161050893,-1.67276247,0.0886704926,180.857738
54.5,51.5094384,-0.161049953,-0.859786967,-0.108512163,181.063585
55,51.5094347,-0.161050386,-1.66747242,0.102936186,180.483418
55.5,51.5094274,-0.161049275,-0.842559019,-0.0714526891,179.694501
56,51.5094234,-0.161049711,-1.61209459,0.101468492,178.908471
56.5,51.5094164,-0.161048662,-0.921518613,-0.0822506985,178.760608
57,51.5094123,-0.161049043,-1.55442449,0.108045248,178.367387
57.5,51.5094054,-0.161047945,-0.961206842,-0.0669090947,178.294943
58,51.5094011,-0.161048024,-1.54863027,0.163870111,176.987275
58.5,51.5093942,-0.161046822,-0.943613456,-0.0651131388,177.57909
59,51.50939,-0.161047187,-1.59251389,0.110237648,178.263863
59.5,51.509383,-0.161046152,-0.940446552,-0.0803453058,178.37532
60,51.5093787,-0.161046478,-1.55596776,0.111314963,179.186359
60.5,51.5093718,-0.161045559,-0.998933091,-0.104862332,179.70102
61,51.5093675,-0.161046198,-1.51425708,0.0764999703,179.416502
61.5,51.5093607,-0.161045565,-0.924869307,-0.136342788,180.27628
62,51.5093565,-0.161046341,-1.56440786,0.0668741907,180.571012
62.5,51.5093495,-0.161045584,-0.941822463,-0.104916425,179.99681
63,51.5093453,-0.161046304,-1.5566353,0.0621642184,180.855126
63.5,51.5093383,-0.161045573,-0.977797463,-0.107440458,180.653641
64,51.509334,-0.161046349,-1.54273295,0.06593885,180.633671
64.5,51.509327,-0.161045696,-0.909504002,-0.116230214,180.279326
65,51.5093229,-0.161046314,-1.60096498,0.101217265,179.296807
65.5,51.509316,-0.161045289,-0.886908759,-0.0584954917,179.16946
66,51.5093118,-0.161045556,-1.57630037,0.14406786,179.270239
66.5,51.5093048,-0.161044546,-0.947594622,-0.0787028647,179.945465
67,51.5093006,-0.161045012,-1.5416186,0.101240087,180.345714
67.5,51.5092937,-0.161044155,-0.896875585,-0.0970079645,180.22341
68,51.5092897,-0.161044668,-1.60961278,0.0983994217,180.401527
68.5,51.5092825,-0.161043847,-0.83325856,-0.0973657116,180.427199
69,51.5092788,-0.161044429,-1.64504332,0.095770558,180.044424
69.5,51.5092714,-0.161043599,-0.795202357,-0.0933501678,179.839934
70,51.5092678,-0.161044096,-1.7247359,0.103429568,179.670536
70.5,51.5092602,-0.161043203,-0.811390959,-0.0934351942,180.092877
71,51.5092565,-0.161043697,-1.69567527,0.10632861,179.520653
71.5,51.5092498,-0.16104291,-0.612869767,-0.108096642,179.529271
72,51.5092476,-0.161043397,-1.14274303,0.106108731,178.960802
72.5,51.5092431,-0.161042467,-0.0640403746,-0.0855784109,178.162386
73,51.5092434,-0.161042935,-0.738842318,0.103293368,178.069101
73.5,51.5092401,-0.161041735,0.306717841,-0.017460864,163.202498
74,51.5092414,-0.161041552,-0.736227409,0.221033453,148.098744
74.5,51.5092382,-0.1610396,0.382893299,0.0424365227,133.652823
75,51.5092399,-0.16103864,-0.662988846,0.339753983,118.627778
75.5,51.5092373,-0.161036193,0.460757812,0.203445007,103.27143
76,51.5092394,-0.161034412,-0.497156008,0.283051605,88.2365769
76.5,51.5092373,-0.161032323,0.552380815,0.205132516,74.2447155
77,51.50924,-0.161030737,-0.366418827,0.263996856,59.5953042
77.5,51.5092386,-0.161028719,0.650463141,0.10979594,44.6921283
78,51.5092416,-0.161027938,-0.2381551,0.244173696,29.9254503
78.5,51.5092404,-0.161026393,0.684336269,-0.0138360578,15.2351122
79,51.5092436,-0.161026566,-0.245681167,0.0822337361,0.764222014
79.5,51.5092433,-0.161025765,0.918705502,-0.0836707383,0.381806602
80,51.509248,-0.161026246,0.298043993,0.072929286,-0.219515229
80.5,51.5092499,-0.161025516,1.40619705,-0.0845218528,-0.125218348
81,51.5092569,-0.161026179,0.828585229,0.0540145913,-0.207243321
81.5,51.5092605,-0.161025675,1.70553237,-0.110669711,0.0136881641
82,51.5092681,-0.161026376,0.850745858,0.0629065983,0.320060189
82.5,51.509272,-0.161025849,1.66529429,-0.104709316,0.291918026
83,51.5092794,-0.161026397,0.873054429,0.0735895907,-0.270173528
83.5,51.5092834,-0.161025684,1.59328778,-0.0832653213,-0.232641332
84,51.5092906,-0.161026404,0.913416257,0.0526286365,0.192851264
84.5,51.5092947,-0.161025909,1.6579948,-0.114589483,0.0350890148
85,51.5093022,-0.161026481,0.871275487,0.0779853954,-0.142889938
85.5,51.5093061,-0.161025714,1.63279903,-0.067114762,0.118744757
86,51.5093135,-0.161026056,0.852398741,0.109134483,0.0600192444
86.5,51.5093173,-0.16102522,1.64951044,-0.067173798,-0.187771919
87,51.5093246,-0.1610257,0.826418299,0.0753101291,-1.25549082
87.5,51.5093285,-0.161025308,1.6354621,-0.130207319,-1.11227036
88,51.509336,-0.161026125,0.871551161,0.0480791868,-0.546913781
88.5,51.5093398,-0.161025723,1.6644306,-0.11850296,-0.114142151
89,51.5093474,-0.16102639,0.823850061,0.0671615479,-0.31995235
89.5,51.5093511,-0.161025856,1.700575,-0.105036855,0.0438523762
90,51.5093586,-0.161026303,0.811392796,0.102035554,0.820478531
90.5,51.5093623,-0.161025613,1.65421706,-0.0940796086,0.635297998
91,51.5093699,-0.161026118,0.833360988,0.0832058298,0.506720182
91.5,51.5093736,-0.161025556,1.65336342,-0.113466462,0.145658197
92,51.5093811,-0.161026094,0.790985448,0.0734815356,-0.408417726
92.5,51.5093846,-0.161025582,1.71218181,-0.112951391,-0.328343749
93,51.5093924,-0.161026215,0.736469184,0.0650511357,-0.568038151
93.5,51.5093957,-0.16102555,1.7837175,-0.0863913486,-0.44026257
94,51.5094039,-0.161025954,0.736011004,0.10703284,0.263083841
94.5,51.5094072,-0.161025148,1.77193613,-0.0704953193,0.846721749
95,51.5094152,-0.161025364,0.719167427,0.130935973,1.40870996
95.5,51.5094186,-0.161024559,1.78903309,-0.087517374,0.752518571
96,51.5094266,-0.161025092,0.709001996,0.0733271938,0.229739134
96.5,51.5094298,-0.16102429,1.80478115,-0.0713836435,0.388927006
97,51.5094379,-0.161024591,0.704098481,0.113946439,1.03118151
97.5,51.5094413,-0.161023735,1.79212526,-0.0717453163,1.1937728
98,51.5094493,-0.161024102,0.753644628,0.108988785,1.53480757
98.5,51.5094526,-0.161023211,1.73993014,-0.0606075773,1.76541788
99,51.5094604,-0.161023436,0.774558625,0.133747366,1.79161932
99.5,51.5094639,-0.161022358,1.70837305,-0.0356538734,1.54804295
100,51.5094716,-0.16102283,0.801632464,0.0835058171,0.555119827
100.5,51.5094752,-0.161022045,1.65626762,-0.0750646617,0.345190979
101,51.5094826,-0.16102269,0.877947125,0.0672669824,-0.0856912313
101.5,51.5094865,-0.161022029,1.60386039,-0.0831501155,0.208610895
102,51.5094938,-0.16102259,0.839137324,0.0948218473,0.163599264
102.5,51.5094976,-0.161022005,1.70986147,-0.100807875,-0.279395722
103,51.5095053,-0.161022424,0.81322632,0.122196121,-0.108703043
103.5,51.5095091,-0.161021815,1.65154217,-0.103098984,-0.923068054
104,51.5095165,-0.161022593,0.896834958,0.0571819328,-1.41356983
104.5,51.5095204,-0.161022128,1.58184256,-0.118275359,-1.68618849
105,51.5095275,-0.161022886,0.9391609,0.0569508299,-1.45879312
105.5,51.5095318,-0.161022433,1.56766712,-0.118151864,-1.75836575
106,51.5095388,-0.161023045,1.01794174,0.0761849224,-1.43449716
106.5,51.5095433,-0.161022381,1.52629567,-0.0908290488,-1.58320701
107,51.5095502,-0.161022868,0.964820243,0.0902040011,-0.776937849
107.5,51.5095544,-0.161022083,1.57587742,-0.0770752091,-0.874585638
108,51.5095616,-0.161022537,0.897087867,0.0907900633,-0.886465657
108.5,51.5095657,-0.16102184,1.65916948,-0.102575491,-1.99953588
109,51.5095731,-0.161022481,0.917513234,0.0685674338,-2.280265
109.5,51.5095771,-0.161021868,1.64034755,-0.0942950449,-2.04601658
110,51.5095845,-0.161022631,0.860408186,0.0470706235,-2.5426075
110.5,51.5095879,-0.161022127,1.45456443,-0.108747164,-2.50474549
111,51.5095937,-0.161022799,0.415447878,0.0702234818,-3.02276578
111.5,51.5095949,-0.161022208,0.830348342,-0.0843326097,-2.96122666
112,51.5095981,-0.161022831,-0.0916650571,0.0780453922,-2.61065924
112.5,51.5095976,-0.161021998,0.548696605,-0.01077924,12.579045
113,51.5096002,-0.161021679,-0.179293326,0.217274014,28.214325
113.5,51.5095993,-0.161019777,0.498115279,0.124253127,43.807405
114,51.5096016,-0.161018909,-0.229946166,0.28448259,59.9881223
114.5,51.5096004,-0.16101682,0.462415285,0.236642181,74.8023429
115,51.5096023,-0.161014875,-0.412440288,0.231257048,89.9282107
115.5,51.5096004,-0.161013295,0.352153693,0.253317379,104.533334
116,51.5096018,-0.161011469,-0.536600257,0.172355502,118.976088
116.5,51.5095992,-0.16101014,0.213250724,0.204502855,133.570974
117,51.5096002,-0.161008928,-0.648279696,0.126873106,148.56424
117.5,51.5095972,-0.161008189,0.183378792,0.0636561752,163.334367
118,51.5095981,-0.161007874,-0.688661451,0.0144975524,178.414648
118.5,51.5095944,-0.161007744,-0.0257986768,0.00904644008,178.827816
119,51.5095935,-0.161007612,-1.16078403,0.0230414416,179.094637
119.5,51.5095877,-0.161007312,-0.628414153,0.0431432923,178.567167
120,51.5095846,-0.161007134,-1.6672774,0.0321822348,178.278992
120.5,51.509577,-0.161006987,-0.847995541,-0.000202896389,179.054881
121,51.5095733,-0.161007047,-1.72139055,-0.00476747543,179.190873
121.5,51.5095656,-0.161006821,-0.776874447,0.0211502223,179.334636
122,51.5095621,-0.161006689,-1.70244955,0.0187619323,179.695482
122.5,51.5095546,-0.16100651,-0.829963079,0.00332041317,180.563105
123,51.5095508,-0.161006624,-1.66369934,-0.0279354531,181.515937
123.5,51.5095433,-0.16100672,-0.857684917,-0.0234525124,181.234511
124,51.5095395,-0.16100686,-1.65532315,-0.0182237838,181.750022
124.5,51.5095321,-0.161007019,-0.846794979,-0.0368138484,182.028744
125,51.5095283,-0.16100736,-1.67297329,-0.0452115158,181.935277
125.5,51.5095208,-0.161007468,-0.841678267,-0.021572098,181.307129
126,51.509517,-0.161007481,-1.653704,0.00891983477,180.406742
126.5,51.5095096,-0.161007245,-0.83552386,0.0320749868,179.18979
127,51.5095059,-0.161007148,-1.64619037,0.0152530652,178.751264
127.5,51.5094986,-0.161006988,-0.836430882,0.0166489165,178.122238
128,51.5094947,-0.161006956,-1.59995616,4.73389367e-05,178.431362
128.5,51.5094875,-0.16100673,-0.890234021,0.0185228437,178.863903
129,51.5094835,-0.161006606,-1.66449008,0.00864291509,179.495701
129.5,51.5094761,-0.161006581,-0.818699909,-0.0213450381,180.269259
130,51.5094723,-0.161006646,-1.65150361,-0.0128443922,180.396511
130.5,51.5094649,-0.16100662,-0.898338906,-0.0139295772,180.189089
131,51.5094609,-0.161006685,-1.62711354,-0.0126199469,180.161901
131.5,51.5094537,-0.161006719,-0.858233808,-0.0217154771,180.236185
132,51.5094497,-0.161006758,-1.64648222,-0.00313747312,179.944279
132.5,51.5094424,-0.161006593,-0.868633802,0.0143641113,179.532459
133,51.5094385,-0.16100636,-1.70589548,0.03472311,178.958424
133.5,51.5094308,-0.161005919,-0.784002352,0.0393453186,179.354475
134,51.5094272,-0.161005535,-1.73524815,0.0532508937,179.592616
134.5,51.5094196,-0.161005134,-0.801055277,0.0400086881,179.466188
135,51.509416,-0.161004887,-1.66571951,0.0320474903,179.741513
135.5,51.5094084,-0.161004764,-0.791984831,-0.0085197347,180.345526
136,51.5094048,-0.161004767,-1.68903655,-0.00356780932,181.19658
136.5,51.5093972,-0.161004651,-0.81602852,0.0120064657,180.216504
137,51.5093936,-0.161004495,-1.74249824,0.0273951943,179.938476
137.5,51.5093859,-0.161004248,-0.748464305,0.0185495942,179.956048
138,51.5093826,-0.16100412,-1.70962494,0.0168456362,180.134548
138.5,51.5093749,-0.16100386,-0.734866781,0.022316372,179.853837
139,51.5093716,-0.161003641,-1.73132266,0.0344858586,179.804413
139.5,51.5093639,-0.161003374,-0.776055459,0.0206525927,179.895033
140,51.5093604,-0.161003137,-1.72580893,0.0331526623,180.182787
140.5,51.5093526,-0.161002853,-0.737411398,0.0217599833,180.465134
141,51.5093493,-0.161002653,-1.75817633,0.0376388729,179.870487
141.5,51.5093416,-0.161002588,-0.73223315,-0.0119310302,180.036391
142,51.5093381,-0.161002643,-1.71699577,-0.000581471664,179.802197
142.5,51.5093304,-0.161002481,-0.770211472,0.0107703151,179.67792
143,51.5093271,-0.161002482,-1.76890656,0.000687015574,179.939204
143.5,51.5093192,-0.161002489,-0.697118923,-0.0189134881,180.576406
144,51.509316,-0.161002552,-1.72749121,-0.000764114884,180.769749
144.5,51.5093082,-0.16100248,-0.774764775,0.00480626177,180.189059
145,51.5093047,-0.161002361,-1.71750155,0.0331278394,179.317363
145.5,51.5092971,-0.161002214,-0.803198762,0.000512374177,179.448433
146,51.5092933,-0.161002043,-1.70359676,0.027426847,180.07487
146.5,51.5092857,-0.161001998,-0.826957094,-0.00818035605,179.560855
147,51.5092821,-0.16100191,-1.6733612,0.0199754767,179.546215
147.5,51.5092744,-0.161001711,-0.863083079,0.00659290909,179.98719
148,51.5092706,-0.161001487,-1.67589545,0.0344604666,180.20742
148.5,51.509263,-0.161001301,-0.868304851,0.0120069467,179.843163
149,51.509259,-0.161001191,-1.66483869,0.0219407137,179.942182
149.5,51.5092523,-0.161001028,-0.707073697,0.00614035633,180.113048
150,51.5092497,-0.161000943,-1.1182243,0.0153473079,180.15296
150.5,51.5092454,-0.161000922,-0.162969377,-0.0196641293,180.395865
151,51.5092452,-0.161001133,-0.580853349,-0.0285604997,180.511209
151.5,51.5092427,-0.161001046,0.0801292091,0.0451611579,165.40789
152,51.5092429,-0.161000209,-0.444615406,0.127393682,150.873047
152.5,51.5092409,-0.160999244,0.0732822009,0.169265245,136.294554
153,51.5092413,-0.16099775,-0.391140007,0.194765918,122.048203
153.5,51.5092397,-0.160996127,0.187032045,0.22418458,106.46849
154,51.5092407,-0.160994474,-0.264107725,0.233846331,91.2117568
154.5,51.5092396,-0.160992791,0.314353808,0.283600131,75.6947004
155,51.5092412,-0.160990809,-0.143006755,0.178884572,60.6624937
155.5,51.5092407,-0.160989501,0.401340425,0.174472832,45.1777689
156,51.5092426,-0.160988512,0.0187630786,0.161868377,30.8010739
156.5,51.5092426,-0.160987546,0.414640405,0.0311429577,15.9779548
157,51.5092446,-0.160987425,0.0144733852,0.028037745,0.47729095
157.5,51.5092454,-0.160987252,0.67906988,-0.0394287201,0.491113547
158,51.5092491,-0.160987535,0.489470657,0.000414743558,0.433128852
158.5,51.5092518,-0.160987491,1.3049859,-0.0540780281,-0.0473337091
159,51.5092583,-0.160987768,0.915578955,0.00685842864,-0.00494799776
159.5,51.5092623,-0.16098758,1.62350794,-0.0246939723,0.846981157
160,51.5092695,-0.160987809,0.955229435,0.0110593759,1.11516329
160.5,51.5092738,-0.16098758,1.59240677,-0.02852325,0.784556677
161,51.509281,-0.160987641,0.928807748,0.0339423324,0.281144691
161.5,51.5092851,-0.160987317,1.55970368,-0.0109920828,0.335209521
162,51.5092921,-0.160987334,0.916938632,0.0457835717,0.69945433
162.5,51.5092963,-0.160986977,1.6283475,-0.010337994,0.395247471
163,51.5093036,-0.160987157,0.879289112,0.0145589915,0.164582236
163.5,51.5093073,-0.160986902,1.68049038,-0.0131713814,0.419051161
164,51.5093149,-0.160987095,0.799647428,0.0158743595,0.491887816
164.5,51.5093187,-0.160986919,1.6632689,-0.0261005812,1.05707349
165,51.5093261,-0.160987085,0.879166016,0.0254751088,1.33070035
165.5,51.5093301,-0.160986848,1.69400868,-0.0168634704,1.60146095
166,51.5093377,-0.160986881,0.812699431,0.0438158364,1.90383996
166.5,51.5093413,-0.160986616,1.7595444,-0.0182466209,1.60396892
167,51.5093491,-0.16098663,0.752683617,0.0407544845,1.36963782
167.5,51.5093525,-0.16098638,1.72113231,-0.0179873911,1.05787986
168,51.5093602,-0.160986445,0.81377702,0.0371357542,1.44546178
168.5,51.5093639,-0.160986275,1.65823273,-0.0320061896,1.25724305
169,51.5093715,-0.160986544,0.821638436,-0.00477396341,0.197122895
169.5,51.5093751,-0.160986452,1.69258566,-0.0387006704,0.0974932577
170,51.5093827,-0.160986663,0.766987898,0.0123940505,-0.370509508
170.5,51.5093861,-0.16098654,1.7385468,-0.036123065,-0.338585296
171,51.5093939,-0.160986706,0.771280148,0.0208704322,-0.320063601
171.5,51.5093974,-0.16098658,1.63264896,-0.0352902686,-0.366507444
172,51.5094048,-0.160986775,0.852771344,0.0198608372,0.0317170235
172.5,51.5094088,-0.160986594,1.61906052,-0.0223446769,0.257577212
173,51.5094159,-0.160986598,0.921732046,0.0516397136,0.568155643
173.5,51.5094202,-0.160986323,1.52578428,-0.0129463747,1.18559244
174,51.509427,-0.160986353,0.982203957,0.0391542473,1.08680799
174.5,51.5094314,-0.160986011,1.52668105,-0.00769501272,0.937483932
175,51.5094382,-0.160986158,0.974395159,0.0160076181,0.498837097
175.5,51.5094426,-0.160986036,1.46557803,-0.0349600734,0.7472202
176,51.5094493,-0.160986028,1.05584189,0.0527094646,0.897338378
176.5,51.5094542,-0.160985778,1.42403178,-0.0288673347,0.659203838
177,51.5094604,-0.160985868,1.1374807,0.0352513332,0.456434381
177.5,51.5094655,-0.160985441,1.35769888,0.00718784842,0.879515889
178,51.5094716,-0.160985394,1.19044995,0.052881392,0.453319296
178.5,51.509477,-0.160984988,1.29168485,-0.00872806323,-0.20709278
179,51.5094827,-0.160984945,1.16917494,0.0577269387,-0.461797271
179.5,51.5094879,-0.160984564,1.2965744,-0.00301187333,-0.476415825
180,51.5094939,-0.160984709,1.18219952,0.0314584539,-0.617915605
180.5,51.5094992,-0.160984442,1.25449063,-0.0185388535,-0.607516589
181,51.5095049,-0.160984577,1.22533119,0.0337010869,-0.613473889
181.5,51.5095103,-0.160984402,1.27332377,-0.0392265677,-1.06726337
182,51.5095161,-0.160984622,1.24167661,0.0211966763,-0.943946291
182.5,51.5095217,-0.160984466,1.22392342,-0.0341550598,-0.767995879
183,51.5095271,-0.160984522,1.33757398,0.0411735754,-0.810451623
183.5,51.5095332,-0.160984256,1.14243197,-0.0224748088,-1.12983538
184,51.5095382,-0.160984455,1.31751917,0.0184803733,-1.20109889
184.5,51.5095441,-0.160984222,1.0963295,-0.0214134627,-1.22316333
185,51.5095492,-0.160984484,1.35070671,0.00764573501,-1.27929853
185.5,51.5095553,-0.160984525,1.17882772,-0.0640961749,-1.00003065
186,51.5095606,-0.160984829,1.30547438,0.00603902323,-0.796013338
186.5,51.5095665,-0.160984657,1.15477578,-0.0342850004,-1.08818561
187,51.5095716,-0.16098487,1.30060638,0.0102391703,-1.6736657
187.5,51.5095776,-0.160984735,1.19241348,-0.0313327438,-0.903574405
188,51.509583,-0.160984908,1.34515888,0.0296475225,-0.287384655
188.5,51.5095884,-0.160984703,0.952655475,-0.0249161102,0.087502616
189,51.509592,-0.160984851,0.850768199,0.0316313239,0.542155613
189.5,51.5095951,-0.160984709,0.438317825,-0.0314489324,1.3293729
190,51.5095966,-0.160985014,0.268247522,0.00315508952,2.1623327
190.5,51.509598,-0.160984668,0.212806502,0.0362763885,16.5225118
191,51.5095991,-0.160983956,0.168562695,0.121671516,31.0286313
191.5,51.5095997,-0.160982823,0.21659454,0.181276233,45.4594729
192,51.5096006,-0.160981336,0.101576385,0.246673893,60.7763201
192.5,51.509601,-0.160979454,0.112799664,0.217321118,75.7568555
193,51.5096014,-0.160977821,0.00236632741,0.244954006,90.6353601
193.5,51.5096011,-0.160976118,-0.0456960337,0.255313078,105.79926
194,51.5096007,-0.160974122,-0.146124082,0.16120513,120.932377
194.5,51.5096,-0.16097308,-0.170208251,0.25403377,135.25684
195,51.5095992,-0.160971435,-0.195682818,0.0506675706,149.64886
195.5,51.5095982,-0.16097109,-0.251035346,0.168675434,164.077968
196,51.5095971,-0.160970193,-0.258074755,-0.0675597378,178.55893
196.5,51.5095953,-0.16097063,-0.497378265,0.0861153506,177.937562
197,51.5095926,-0.160969965,-0.760587564,-0.0562398833,178.052083
197.5,51.5095885,-0.160970401,-0.969713461,0.0794146401,178.887826
198,51.5095836,-0.16096979,-1.26981238,-0.0648120632,178.964692
198.5,51.509578,-0.160970177,-1.26190744,0.0941260009,179.367926
199,51.5095724,-0.160969655,-1.26008741,-0.0937045551,180.33162
199.5,51.5095668,-0.160970313,-1.27088212,0.0568964169,180.208334
200,51.509561,-0.160969764,-1.19035469,-0.0732260446,180.199847
200.5,51.5095556,-0.160970286,-1.32652595,0.0748786903,179.907106
201,51.5095497,-0.160969631,-1.18433238,-0.0559304693,179.788218
201.5,51.5095445,-0.160969973,-1.32564781,0.101700233,179.713363
202,51.5095385,-0.160969267,-1.14736269,-0.0487590525,179.341379
202.5,51.5095333,-0.160969586,-1.40405493,0.0992941504,179.63009
203,51.509527,-0.16096894,-1.12168184,-0.070219857,180.005443
203.5,51.5095218,-0.160969395,-1.39585173,0.0816044805,180.174092
204,51.5095157,-0.160968691,-1.17889201,-0.0557233732,180.254771
204.5,51.5095105,-0.160968987,-1.3050707,0.10734425,180.132463
205,51.5095046,-0.160968244,-1.16444193,-0.0523307587,179.909044
205.5,51.5094994,-0.160968645,-1.30903872,0.0848924473,180.34999
206,51.5094934,-0.160968073,-1.22443565,-0.0848959442,180.999983
206.5,51.5094879,-0.160968685,-1.27098376,0.0589369711,181.06402
207,51.5094823,-0.160968242,-1.26113558,-0.0991928926,181.268804
207.5,51.5094767,-0.160968929,-1.22276676,0.0531375253,181.420819
208,51.5094711,-0.160968438,-1.21836865,-0.0888868217,181.81458
208.5,51.5094657,-0.160969192,-1.2712275,0.0478884854,180.999508
209,51.5094598,-0.160968702,-1.19043116,-0.0786845405,180.608377
209.5,51.5094547,-0.160969216,-1.36882277,0.0701205211,180.914981
210,51.5094484,-0.160968559,-1.08819867,-0.0552358507,180.812031
210.5,51.5094436,-0.160968829,-1.43279729,0.109244218,180.683181
211,51.509437,-0.160968195,-1.03779778,-0.07152445,181.333506
211.5,51.5094323,-0.160968508,-1.49366898,0.102678329,181.09452
212,51.5094257,-0.160967897,-1.05706692,-0.0723919577,181.377805
212.5,51.5094208,-0.160968401,-1.40983353,0.0752719998,181.37317
213,51.5094146,-0.160968093,-1.12347705,-0.11477383,181.577722
213.5,51.5094096,-0.160968758,-1.35336959,0.0622171888,181.608072
214,51.5094035,-0.160968249,-1.14068307,-0.0720314419,181.00047
214.5,51.5093983,-0.160968738,-1.37693564,0.0849662591,180.827163
215,51.5093922,-0.160968119,-1.09454757,-0.0699886509,181.124697
215.5,51.5093874,-0.160968671,-1.3954837,0.0706459107,180.744758
216,51.5093811,-0.160968193,-1.07736326,-0.0910356112,180.803243
216.5,51.5093762,-0.160968757,-1.40036358,0.0627313717,180.884089
217,51.5093698,-0.160968341,-1.071996,-0.0950239171,180.406071
217.5,51.5093649,-0.160968941,-1.47116517,0.0662245981,179.523611
218,51.5093584,-0.160968321,-1.04945211,-0.0620428471,179.085875
218.5,51.5093538,-0.160968873,-1.4747939,0.0604052214,179.40383
219,51.5093472,-0.160968257,-1.00409129,-0.0631631612,179.120632
219.5,51.5093426,-0.160968678,-1.50505496,0.0796178213,179.690221
220,51.5093359,-0.160968151,-0.965041945,-0.0865421228,179.909401
220.5,51.5093315,-0.160968608,-1.58844927,0.0824810033,179.930565
221,51.5093245,-0.160968056,-0.893924165,-0.0816057617,180.205052
221.5,51.5093204,-0.160968631,-1.55518378,0.0663924121,180.293857
222,51.5093135,-0.160968,-0.924461643,-0.0528577648,179.258048
222.5,51.5093093,-0.160968472,-1.5590137,0.0756009499,179.488284
223,51.5093023,-0.160967974,-0.929004619,-0.0850533786,179.41432
223.5,51.5092981,-0.160968597,-1.56822961,0.0592113108,179.55306
224,51.509291,-0.160968145,-0.95860449,-0.0925284044,179.923459
224.5,51.5092866,-0.160968749,-1.50971319,0.0645966111,180.08788
225,51.50928,-0.160968206,-1.06465325,-0.0690442705,179.495159
225.5,51.5092752,-0.16096873,-1.42623409,0.070451353,180.09531
226,51.5092688,-0.160968242,-1.08255016,-0.0787502544,179.827648
226.5,51.509264,-0.160968797,-1.41188995,0.0711777956,180.045213
227,51.5092576,-0.160968315,-1.09857854,-0.0847497585,180.168454
227.5,51.5092534,-0.160968767,-1.17594259,0.0869923297,180.503713
228,51.5092488,-0.160968163,-0.658509983,-0.0703175404,180.845067
228.5,51.5092463,-0.160968692,-0.60514163,0.0785170031,181.050368
229,51.5092442,-0.160968234,-0.1395398,-0.087393282,180.876878
229.5,51.5092435,-0.160968471,-0.335941324,0.161146053,165.533359
230,51.5092419,-0.160967108,-0.0850395121,0.0541335803,150.633212
230.5,51.5092416,-0.160966607,-0.349172316,0.273186252,135.783174
231,51.5092402,-0.160964507,0.000963872354,0.14814511,120.677719
231.5,51.5092404,-0.160963367,-0.179523224,0.328734684,106.084039
232,51.5092397,-0.160960955,0.136563137,0.162791006,90.8237601
232.5,51.5092405,-0.160959714,-0.0667029464,0.357528581,75.4959549
233,51.5092403,-0.160957325,0.280926003,0.132699994,60.2778378
233.5,51.5092416,-0.160956454,0.0321005784,0.268190117,45.2968423
234,51.5092419,-0.160954642,0.328192186,0.0163958916,30.3129593
234.5,51.5092435,-0.160954654,0.0993065521,0.164857036,15.1689522
235,51.5092438,-0.160953822,0.388681163,-0.111485689,-0.184066054
235.5,51.5092462,-0.160954551,0.303318925,0.07693417,0.212787402
236,51.5092485,-0.160953915,0.858468917,-0.0887271938,0.757154149
236.5,51.509253,-0.160954625,0.865158099,0.0812830986,1.08812809
237,51.5092574,-0.160953923,1.43951347,-0.0788587209,1.10974957
237.5,51.5092638,-0.160954457,1.12107955,0.0958403178,0.194032989
238,51.5092687,-0.160953672,1.44480583,-0.0678532928,0.245835177
238.5,51.5092751,-0.160954188,1.06818641,0.100306872,-0.257987616
239,51.50928,-0.160953715,1.40489951,-0.118436955,-0.381881381
239.5,51.5092862,-0.160954533,1.08219077,0.0594948556,-0.870670129
240,51.5092911,-0.160954063,1.35883497,-0.118882318,-1.35178052
240.5,51.5092972,-0.160954767,1.10118102,0.0775092743,-1.27235289
241,51.5093021,-0.160954128,1.39520435,-0.0873961034,-0.427999485
241.5,51.5093085,-0.160954713,1.08583311,0.0925238921,-0.0913760513
242,51.5093133,-0.160954021,1.37493159,-0.0859848768,0.249782033
242.5,51.5093194,-0.160954458,1.08621539,0.113661097,0.212949902
243,51.5093245,-0.160953664,1.36551765,-0.0756060585,0.0587460785
243.5,51.5093307,-0.160954377,1.11915213,0.0703801189,-0.144140163
244,51.5093357,-0.160953733,1.33978027,-0.0897225501,-0.268743589
244.5,51.5093416,-0.160954351,1.22532997,0.0921301789,-0.247271903
245,51.5093473,-0.16095373,1.2292883,-0.0902536845,-0.018958268
245.5,51.5093528,-0.160954512,1.33981965,0.0644048698,0.191199331
246,51.5093586,-0.160953802,1.14976062,-0.0795853399,-0.00239983024
246.5,51.5093639,-0.160954432,1.28775327,0.0862349687,0.0249000437
247,51.5093697,-0.160953761,1.2094608,-0.0879131293,-0.118560067
247.5,51.5093751,-0.160954306,1.32898997,0.0940327182,-0.545437298
248,51.5093811,-0.160953693,1.1616691,-0.0945194975,-0.460149721
248.5,51.5093863,-0.160954356,1.31257349,0.0803695692,-0.911055423
249,51.5093923,-0.160953779,1.17620858,-0.103884148,-1.43563587
249.5,51.5093975,-0.160954559,1.31860723,0.063764536,-1.62275118
250,51.5094035,-0.160954084,1.16486902,-0.117417134,-2.00016418
250.5,51.5094087,-0.160954934,1.30706532,0.0591397707,-1.9212387
251,51.5094146,-0.160954504,1.21595409,-0.121981424,-1.91439257
251.5,51.50942,-0.160955377,1.29645566,0.0620039989,-1.41960738
252,51.5094258,-0.160954896,1.23622313,-0.114864431,-1.57809679
252.5,51.5094315,-0.160955624,1.23989856,0.0829455501,-1.36834558
253,51.509437,-0.16095504,1.24951788,-0.100965989,-0.897841439
253.5,51.5094425,-0.160955669,1.22139377,0.095201041,-0.698507832
254,51.5094482,-0.16095512,1.24819145,-0.113284119,-0.885772883
254.5,51.5094538,-0.160955931,1.24174345,0.0703470487,-0.355054001
255,51.5094593,-0.160955364,1.23530549,-0.0957961933,0.3689363
255.5,51.5094649,-0.160956099,1.26787659,0.0813594438,0.610928583
256,51.5094706,-0.160955442,1.26582297,-0.0945413535,0.41315249
256.5,51.5094763,-0.160955942,1.23965485,0.107287547,-0.108510813
257,51.509482,-0.160955211,1.28649377,-0.0884138205,-0.465605554
257.5,51.5094877,-0.160955777,1.25208746,0.108702724,0.190389584
258,51.5094933,-0.160955196,1.26017294,-0.103303491,0.454164264
258.5,51.509499,-0.160955904,1.24089633,0.0805462644,0.15010283
259,51.5095045,-0.160955182,1.26933818,-0.0750704921,0.552752464
259.5,51.5095101,-0.160955774,1.21970203,0.108654279,1.59015171
260,51.5095157,-0.16095497,1.28731453,-0.0703307494,1.44372318
260.5,51.5095214,-0.160955407,1.27099111,0.130019719,2.16819681
261,51.5095272,-0.160954367,1.20102616,-0.0393850918,2.31249073
261.5,51.5095326,-0.160954696,1.35982616,0.148030354,2.83310815
262,51.5095387,-0.160953539,1.16963868,-0.0245970964,3.13916567
262.5,51.5095439,-0.160953768,1.39147144,0.153032604,2.57591092
263,51.5095502,-0.160952631,1.14126548,-0.0361866254,2.48821302
263.5,51.5095552,-0.160952981,1.40720401,0.133993135,1.4646211
264,51.5095615,-0.160952052,1.0682033,-0.0768015974,0.763690665
264.5,51.5095663,-0.16095256,1.43237444,0.117184968,0.14342413
265,51.5095727,-0.160951765,1.0249575,-0.096692016,-0.29908193
265.5,51.5095772,-0.160952467,1.42950318,0.103230578,0.498925733
266,51.5095838,-0.160951679,1.00684349,-0.0732122321,0.530723077
266.5,51.5095873,-0.160952484,1.34986053,0.110324709,0.906138861
267,51.5095926,-0.160952013,0.446806712,-0.111063926,0.304004462
267.5,51.5095936,-0.160952899,0.909474219,0.126652291,1.11394878
268,51.5095967,-0.160952459,-0.165120732,-0.100479986,1.90108919
268.5,51.5095955,-0.160953519,0.688872136,0.147647617,16.0136499
269,51.509598,-0.160952463,-0.281253074,0.00848567121,30.5802302
269.5,51.5095962,-0.160952578,0.667365011,0.306055842,45.2086791
270,51.5095986,-0.160950354,-0.392150454,0.0774721793,60.1431008
270.5,51.5095962,-0.160950275,0.605334686,0.411325164,74.6914602
271,51.509598,-0.160947619,-0.517840057,0.106164494,89.0282506
271.5,51.5095949,-0.160947479,0.434711544,0.443823915,104.26679
272,51.5095961,-0.16094463,-0.678858094,0.0882303039,119.168995
272.5,51.5095924,-0.16094437,0.379806426,0.324008424,134.009476
273,51.5095933,-0.160942651,-0.79073984,0.0283839533,149.268068
273.5,51.5095892,-0.160943244,0.347386555,0.16218826,164.658156
274,51.50959,-0.160942556,-0.814254466,-0.108962581,180.015343
274.5,51.5095852,-0.160943644,0.0435986437,0.123181655,180.379835
275,51.509584,-0.16094308,-1.20076803,-0.102661498,180.021829
275.5,51.5095776,-0.160944233,-0.593078789,0.112698602,180.167735
276,51.5095736,-0.160943736,-1.64647882,-0.115952025,180.607083
276.5,51.5095657,-0.160944788,-0.92054324,0.115064005,180.188005
277,51.5095613,-0.160943956,-1.6603027,-0.0850606667,179.307575
277.5,51.5095537,-0.160944653,-0.973883242,0.141615646,179.148213
278,51.5095491,-0.160943626,-1.5281496,-0.092864789,179.335421
278.5,51.5095421,-0.160944265,-1.03040036,0.129139203,179.829756
279,51.5095372,-0.160943296,-1.43914005,-0.110152845,179.508478
279.5,51.5095306,-0.160943931,-1.06200043,0.13014931,179.260961
280,51.5095257,-0.160942909,-1.43648021,-0.115119672,179.727655
280.5,51.5095191,-0.160943558,-1.06066469,0.120837574,179.960108
281,51.5095143,-0.160942489,-1.44282485,-0.105787588,180.017985
281.5,51.5095079,-0.160943079,-1.07834,0.12691174,180.310787
282,51.5095029,-0.160942124,-1.38272547,-0.127574317,180.809043
282.5,51.5094967,-0.160942779,-1.10578074,0.118129293,181.128899
283,51.5094917,-0.160941818,-1.42056968,-0.122673849,180.911657
283.5,51.5094854,-0.160942436,-1.06526823,0.124971206,180.788996
284,51.5094805,-0.160941355,-1.39908362,-0.0993751045,179.990432
284.5,51.5094742,-0.160941876,-1.12889198,0.145720235,178.957843
285,51.5094692,-0.160940554,-1.4016522,-0.0637671014,178.32604
285.5,51.509463,-0.160940821,-1.12875821,0.178191463,177.761998
286,51.5094579,-0.160939343,-1.32423067,-0.0511950591,177.727777
286.5,51.509452,-0.160939702,-1.17302929,0.159500143,178.087288
287,51.5094467,-0.160938321,-1.34855768,-0.0649945911,177.927107
287.5,51.5094406,-0.160938696,-1.12913074,0.157104218,178.158358
288,51.5094354,-0.160937373,-1.38573349,-0.0760289121,178.573374
288.5,51.5094294,-0.160937894,-1.18798439,0.144422838,178.118017
289,51.509424,-0.160936663,-1.29801861,-0.0839745434,177.783277
289.5,51.5094183,-0.160937192,-1.21300009,0.146493983,177.586447
290,51.5094128,-0.160936134,-1.28577993,-0.124605142,178.373238
290.5,51.509407,-0.160936827,-1.25163854,0.125597976,178.582095
291,51.5094014,-0.160935745,-1.30376045,-0.11109232,178.81328
291.5,51.5093956,-0.160936428,-1.21713553,0.122009943,179.336461
292,51.5093901,-0.160935509,-1.29532104,-0.131220736,179.267004
292.5,51.5093844,-0.160936336,-1.33098117,0.108976696,179.53014
293,51.5093785,-0.160935418,-1.19459725,-0.1278742,179.394371
293.5,51.5093731,-0.160936329,-1.23846353,0.099278616,179.469757
294,51.5093677,-0.160935615,-1.29280357,-0.159257709,179.860768
294.5,51.5093619,-0.160936597,-1.20970012,0.0937159127,180.060614
295,51.5093565,-0.160935877,-1.25102077,-0.153839839,180.367177
295.5,51.5093509,-0.160936958,-1.23726466,0.0740337658,180.994289
296,51.5093452,-0.160936338,-1.24340952,-0.164665342,180.956843
296.5,51.5093398,-0.160937276,-1.24210358,0.101873662,181.067437
297,51.5093342,-0.160936245,-1.24363572,-0.0939192979,180.186003
297.5,51.5093287,-0.160937008,-1.26243846,0.114819275,180.825449
298,51.5093229,-0.160936156,-1.18472387,-0.132457308,181.178328
298.5,51.5093177,-0.160937104,-1.33297931,0.0973305337,181.17896
299,51.5093118,-0.160936326,-1.18114795,-0.134415019,180.739263
299.5,51.5093065,-0.160937412,-1.27190875,0.0724755151,181.117665
300,51.5093008,-0.160936864,-1.22065735,-0.175529518,181.544385
300.5,51.5092953,-0.160937852,-1.29337363,0.103086199,181.323141
301,51.5092896,-0.160937,-1.24873454,-0.125495332,181.023406
301.5,51.509284,-0.160937959,-1.25510537,0.0931813122,181.473453
302,51.5092785,-0.160937198,-1.23590827,-0.138878147,181.216546
302.5,51.509273,-0.160938022,-1.26273311,0.11949061,181.207537
303,51.5092674,-0.160937051,-1.17648552,-0.110826785,181.208041
303.5,51.509262,-0.160937903,-1.29134112,0.108850451,181.282316
304,51.5092564,-0.160937067,-1.19439675,-0.13187661,181.492395
304.5,51.5092508,-0.160937931,-1.28615502,0.121683814,180.771706
305,51.509245,-0.160936975,-1.19832005,-0.104586025,180.427125
305.5,51.5092404,-0.160937771,-1.11617724,0.122313317,180.740548
306,51.5092361,-0.160936799,-0.708336524,-0.102814298,180.670429
306.5,51.5092335,-0.160937734,-0.551701499,0.100555597,180.817797
307,51.5092316,-0.160936941,-0.195104992,-0.132746748,181.029355
307.5,51.5092307,-0.160937575,-0.278249989,0.191197726,165.979891
308,51.5092295,-0.160936005,-0.140738176,-0.00779369619,151.056549
308.5,51.509229,-0.160935824,-0.221262184,0.311989495,136.157605
309,51.5092281,-0.160933343,-0.0464918385,0.0913064996,120.973587
309.5,51.509228,-0.160932631,-0.139834459,0.394543109,105.442343
310,51.5092276,-0.160929951,0.0666216086,0.0853212987,89.8046724
310.5,51.5092281,-0.160929201,0.00571194037,0.371107303,75.2356696
311,51.5092282,-0.160926546,0.188297956,0.121970298,61.3892783
311.5,51.5092293,-0.160925662,0.0506476788,0.251669932,46.2124876
312,51.5092297,-0.160924026,0.337538683,0.069256695,30.9414879
312.5,51.5092313,-0.16092364,0.140867387,0.159471037,15.9950358
313,51.5092319,-0.160922725,0.3262587,-0.0494064625,1.35042239
313.5,51.509234,-0.160923102,0.310193844,0.0713592408,0.256522929
314,51.5092362,-0.160922463,0.867091287,-0.0580404456,-0.863656099
314.5,51.5092407,-0.160922835,0.848881675,0.0756026143,-0.465076763
315,51.509245,-0.160922281,1.43010436,-0.0652389659,-0.607057936
315.5,51.5092515,-0.160922734,1.0235843,0.0687794139,-0.257180776
316,51.5092562,-0.160922061,1.42429308,-0.0373290354,0.322443681
316.5,51.5092625,-0.160922456,1.13171037,0.0702034082,0.297601968
317,51.5092677,-0.160921891,1.3919677,-0.0575449344,0.520248196
317.5,51.509274,-0.160922205,1.13197778,0.0959637351,1.11948049
318,51.509279,-0.160921563,1.40508911,-0.0421197297,1.98951102
318.5,51.5092853,-0.160921929,1.12588107,0.0733707527,1.28114571
319,51.5092904,-0.160921419,1.39591629,-0.0723021425,0.644938009
319.5,51.5092968,-0.160921931,1.12222763,0.0661545174,0.849218266
320,51.5093018,-0.160921434,1.39793975,-0.0669583642,0.580409706
320.5,51.5093082,-0.160921931,1.10640214,0.0646573774,0.207372615
321,51.5093132,-0.160921554,1.40847448,-0.0845689855,-0.197549212
321.5,51.5093195,-0.160922141,1.04467993,0.0614969059,0.327768168
322,51.5093242,-0.160921689,1.43539839,-0.0631370662,0.966792924
322.5,51.5093307,-0.160922267,1.03817505,0.0497373829,0.585779667
323,51.5093355,-0.160921984,1.45145079,-0.100210734,-0.078108838
323.5,51.5093421,-0.160922656,1.08410683,0.0433327356,-0.26285518
324,51.5093469,-0.160922238,1.43295737,-0.0734099178,-0.518448516
324.5,51.5093535,-0.160922849,1.05064758,0.0488328431,-0.753796889
325,51.5093583,-0.160922662,1.48779172,-0.109084116,-0.794234391
325.5,51.509365,-0.160923423,1.05972944,0.0425126872,0.208247353
326,51.5093697,-0.160922923,1.43984534,-0.050535103,0.910219498
326.5,51.5093762,-0.160923471,1.07491737,0.0547736538,0.623735461
327,51.5093811,-0.160923094,1.46994305,-0.0823616633,0.440915008
327.5,51.5093878,-0.16092368,1.03726403,0.0521359975,0.122072307
328,51.5093924,-0.160923281,1.4650928,-0.0800946966,-0.147103224
328.5,51.509399,-0.160923825,1.04869912,0.0564401496,-0.494629741
329,51.5094037,-0.160923465,1.43545271,-0.0836006947,-0.54133214
329.5,51.5094101,-0.160924112,1.13637633,0.0536671781,0.259155931
330,51.5094153,-0.160923639,1.35418705,-0.0582199461,0.871661187
330.5,51.5094214,-0.160923978,1.16645791,0.0893649268,0.993865301
331,51.5094265,-0.160923326,1.31294957,-0.0443886287,0.911700754
331.5,51.5094327,-0.160923613,1.10531912,0.0931750916,0.571091036
332,51.5094377,-0.160923061,1.37590564,-0.0621960274,0.156696311
332.5,51.5094438,-0.160923473,1.10368813,0.074930428,-0.0407868395
333,51.509449,-0.160923101,1.431858,-0.0839728232,-0.124598883
333.5,51.5094552,-0.160923596,1.06927296,0.0649203443,-0.112233777
334,51.5094601,-0.16092308,1.39564911,-0.0704580311,-0.596577929
334.5,51.5094666,-0.160923626,1.0392346,0.0521371363,-0.550478586
335,51.5094711,-0.160923146,1.48727486,-0.0691602959,-0.499312453
335.5,51.5094779,-0.160923552,1.00508982,0.0754645778,-0.436273437
336,51.5094823,-0.160922992,1.47406031,-0.0688851609,-0.779983912
336.5,51.5094891,-0.160923293,0.97248754,0.0895275504,-0.432424408
337,51.5094937,-0.160922699,1.53310481,-0.0600343525,-0.086068335
337.5,51.5095005,-0.160923191,1.03880277,0.0530789013,-0.486952131
338,51.5095051,-0.16092261,1.47105792,-0.0598387555,-0.739279845
338.5,51.5095119,-0.160923076,1.03905357,0.0597613587,-0.949586644
339,51.5095163,-0.160922516,1.48053996,-0.0580360625,-0.471084014
339.5,51.5095231,-0.160922997,0.926147003,0.0629072383,-0.355881747
340,51.5095273,-0.160922548,1.55945207,-0.0827444441,-0.637775474
340.5,51.5095343,-0.160923045,0.950313755,0.0689586949,-0.348074436
341,51.5095387,-0.160922417,1.51419491,-0.0472877148,-0.0318886875
341.5,51.5095456,-0.160922796,0.99391528,0.0706444379,-0.872525222
342,51.5095502,-0.160922349,1.52752267,-0.0801600707,-1.37224458
342.5,51.509557,-0.160922892,1.04983916,0.0593000384,-1.24660134
343,51.5095617,-0.160922421,1.46564553,-0.0733759237,-1.61743637
343.5,51.5095683,-0.160922842,1.00160462,0.0767549612,-1.31967261
344,51.5095727,-0.160922631,1.5027445,-0.106157641,-1.9587426
344.5,51.5095786,-0.160923448,0.76077672,0.0546521854,-1.44543962
345,51.5095811,-0.160923149,1.03370126,-0.0593583658,-1.5942273
345.5,51.5095848,-0.160923854,0.235138127,0.0830028782,-1.62285711
346,51.5095849,-0.160923615,0.480736582,-0.0561259886,-2.01852883
346.5,51.5095867,-0.160924174,-0.0621128655,0.15185712,13.4272269
347,51.509586,-0.160923199,0.374072108,0.0457028979,28.7108353
347.5,51.5095871,-0.160923349,-0.00330774329,0.270997923,43.1187988
348,51.5095865,-0.160921503,0.250039459,0.0853502127,57.8725524
348.5,51.5095871,-0.160921318,-0.104548788,0.316982513,73.6544027
349,51.5095858,-0.160919276,0.11923285,0.151870314,89.4570639
349.5,51.5095857,-0.160918683,-0.245570743,0.327013834,104.42866
350,51.509584,-0.160916793,0.0542827363,0.0860144944,119.284271
350.5,51.5095837,-0.16091662,-0.299673102,0.272965831,134.31141
351,51.5095815,-0.16091516,-0.0133182777,-0.000217708693,149.86458
351.5,51.5095809,-0.160915803,-0.429139992,0.191348011,164.610823
352,51.5095783,-0.160915026,-0.0421683998,-0.136643234,179.849672
352.5,51.5095769,-0.160916362,-0.678138954,0.12470967,180.329982
353,51.5095726,-0.160915911,-0.553596807,-0.154267945,180.315349
353.5,51.5095689,-0.160917309,-1.24829616,0.114280498,180.30066
354,51.5095621,-0.160916902,-0.961290487,-0.165401874,180.843079
354.5,51.5095575,-0.16091806,-1.60265404,0.138600051,180.461157
355,51.50955,-0.160917293,-0.930724403,-0.131930027,180.178824
355.5,51.5095455,-0.160918258,-1.61266298,0.13100887,180.592984
356,51.5095381,-0.160917338,-0.920689994,-0.132478991,180.839997
356.5,51.5095338,-0.160918314,-1.52228366,0.122429349,180.399794
357,51.5095268,-0.160917341,-1.00658822,-0.130533538,180.10718
357.5,51.509522,-0.160918076,-1.53338126,0.145862381,180.351275
358,51.5095151,-0.160916796,-1.06523549,-0.0966478446,180.141233
358.5,51.5095104,-0.160917313,-1.47431949,0.171106559,180.111172
359,51.5095035,-0.160916048,-1.03673642,-0.111520132,180.453211
359.5,51.509499,-0.160916634,-1.56204553,0.147569233,181.156261
360,51.509492,-0.160915476,-0.983991393,-0.126921947,181.365658
360.5,51.5094876,-0.160916218,-1.54365379,0.128494538,181.757673
361,51.5094806,-0.160915197,-0.986104496,-0.140861487,181.529459
361.5,51.5094763,-0.160916028,-1.5486071,0.118901116,181.784283
362,51.5094692,-0.160914953,-0.952425292,-0.132247582,181.840928
362.5,51.5094651,-0.160915727,-1.60793387,0.129673142,181.353717
363,51.5094578,-0.160914591,-0.933229206,-0.116565907,180.904098
363.5,51.5094537,-0.160915269,-1.54432919,0.132806371,181.478609
364,51.509447,-0.160914163,-0.977461653,-0.132739091,181.751095
364.5,51.5094425,-0.16091491,-1.48054143,0.13912411,181.501433
365,51.5094358,-0.160913705,-1.05449883,-0.11410499,181.153311
365.5,51.5094312,-0.160914438,-1.52609869,0.133459453,181.407106
366,51.5094242,-0.160913355,-1.03951609,-0.128664896,181.297946
366.5,51.5094197,-0.160914102,-1.54975122,0.147741678,180.31664
367,51.5094129,-0.160912979,-0.955791024,-0.115168558,179.807072
367.5,51.5094086,-0.160913531,-1.49571435,0.172574933,179.691011
368,51.5094019,-0.160912354,-1.04173293,-0.109766844,179.298425
368.5,51.5093973,-0.160913111,-1.45841802,0.138670504,179.131895
369,51.5093907,-0.160912187,-1.08866992,-0.151532353,179.638085
369.5,51.509386,-0.160912939,-1.43471212,0.142637223,180.093432
370,51.5093797,-0.160911825,-1.04543523,-0.119506176,180.315825
370.5,51.5093751,-0.160912595,-1.44386557,0.129971658,181.060254
371,51.5093686,-0.160911558,-1.03398168,-0.130405793,181.435653
371.5,51.509364,-0.160912473,-1.44450165,0.112743916,181.659921
372,51.5093575,-0.160911465,-1.03444922,-0.128906058,181.603467
372.5,51.5093531,-0.160912376,-1.48899312,0.118701246,181.079402
373,51.5093464,-0.160911303,-0.932772565,-0.11303027,180.654906
373.5,51.5093422,-0.160911934,-1.55848471,0.16003128,180.000911
374,51.5093352,-0.160910727,-0.922592578,-0.0987256873,179.631334
374.5,51.5093311,-0.160911344,-1.60838822,0.156352604,179.564136
375,51.5093239,-0.160910149,-0.916252434,-0.0967914088,179.472873
375.5,51.5093199,-0.160910847,-1.5548861,0.147770247,179.318284
376,51.5093129,-0.160909673,-0.949491029,-0.100071109,179.358743
376.5,51.5093087,-0.160910272,-1.60173779,0.151129915,180.24442
377,51.5093015,-0.160909287,-0.870111531,-0.131728518,180.514361
377.5,51.5092978,-0.16091009,-1.66618861,0.136947983,180.059033
378,51.5092904,-0.160909058,-0.833604837,-0.116625892,180.147236
378.5,51.5092865,-0.160909787,-1.6650314,0.145810252,180.281666
379,51.5092792,-0.160908746,-0.874364758,-0.116354839,180.753905
379.5,51.5092753,-0.160909766,-1.58877641,0.102420591,180.843832
380,51.5092683,-0.160908985,-0.934301114,-0.155147514,181.221852
380.5,51.5092641,-0.160910036,-1.56875258,0.0906031038,182.376014
381,51.5092571,-0.160909326,-0.945386804,-0.167900845,182.745472
381.5,51.5092529,-0.160910314,-1.53237106,0.12111574,181.9737
382,51.509246,-0.160909527,-0.929667157,-0.153469549,181.564222
382.5,51.509242,-0.160910464,-1.62276139,0.118897372,181.458201
383,51.5092347,-0.160909739,-0.871194567,-0.157843395,181.118578
383.5,51.5092315,-0.160910651,-1.4178231,0.130145439,180.017695
384,51.509226,-0.160909652,-0.43131396,-0.114649044,179.357007
384.5,51.5092246,-0.160910491,-0.785344052,0.124788363,179.191391
385,51.5092217,-0.160909621,0.0299119065,-0.135680424,178.93988
385.5,51.5092218,-0.160910303,-0.48086741,0.188694135,162.381794
386,51.5092197,-0.16090867,-0.00529479494,0.0147827034,146.427226
386.5,51.5092198,-0.16090841,-0.401331204,0.264086467,132.423037
387,51.5092182,-0.160906181,0.0962206583,0.102852037,118.193218
387.5,51.5092188,-0.16090534,-0.285596371,0.383314037,103.524198
388,51.5092178,-0.160902398,0.23304953,0.137624576,88.3445557
388.5,51.509219,-0.16090147,-0.169614541,0.3761339,73.7827931
389,51.5092184,-0.160898783,0.344996146,0.10179277,59.2631641
389.5,51.5092202,-0.160898382,-0.0353425497,0.29408464,44.0572319
390,51.5092202,-0.160896285,0.423542132,-0.0143628057,29.0341894
390.5,51.5092222,-0.160896593,0.0408805113,0.222291933,14.5147444
391,51.5092225,-0.160895366,0.468561978,-0.161804811,-1.06834796
391.5,51.5092252,-0.16089641,0.206017309,0.148457136,-0.971056472
392,51.5092268,-0.160895234,1.02702789,-0.132340575,-1.24836549
392.5,51.5092322,-0.160896266,0.682543607,0.149243419,-1.4311188
393,51.509236,-0.16089531,1.52964019,-0.165649905,-1.23990323
393.5,51.5092427,-0.160896439,1.05144301,0.134722169,-1.50268365
394,51.5092475,-0.160895569,1.53048272,-0.174455523,-1.43177952
394.5,51.5092545,-0.160896979,0.938807974,0.0977207119,-1.3883253
395,51.5092586,-0.160896051,1.61035678,-0.170915395,-1.51727198
395.5,51.5092658,-0.160897093,0.921068393,0.152376269,-1.88132163
396,51.50927,-0.160896142,1.54158336,-0.174988138,-2.49394264
396.5,51.5092771,-0.16089731,0.908419597,0.135523656,-2.45013672
397,51.5092813,-0.160896423,1.59626454,-0.183052412,-2.67995133
397.5,51.5092884,-0.160897698,0.884159492,0.125311543,-1.96476787
398,51.5092926,-0.16089675,1.5796187,-0.167606422,-1.63544473
398.5,51.5092997,-0.160897912,0.911919842,0.139104611,-1.16732477
399,51.509304,-0.160896998,1.62638364,-0.181649335,-1.3775369
399.5,51.5093112,-0.160898149,0.911286658,0.144701822,-0.74598046
400,51.5093152,-0.160896933,1.58704494,-0.127174614,-0.473029906
400.5,51.5093226,-0.16089796,0.884684805,0.147237157,-0.762156269
401,51.5093265,-0.160896756,1.61162015,-0.131238812,-0.56793748
401.5,51.5093339,-0.16089776,0.882065024,0.151221028,-1.21600391
402,51.509338,-0.16089677,1.58376041,-0.168427563,-1.25914843
402.5,51.509345,-0.160898048,0.94255373,0.109206519,-1.75879956
403,51.5093494,-0.160897295,1.49757468,-0.197752662,-2.17094713
403.5,51.5093561,-0.160898725,1.06184127,0.0947239287,-1.53767345
404,51.509361,-0.160898005,1.41036232,-0.195493213,-1.70653551
404.5,51.5093674,-0.160899292,1.09086757,0.107998825,-1.53427905
405,51.5093723,-0.160898316,1.37260789,-0.146746231,-0.794981898
405.5,51.5093786,-0.16089943,1.06383926,0.130206235,-0.357155943
406,51.5093834,-0.160898379,1.42367852,-0.134163392,0.633587833
406.5,51.5093898,-0.160899349,1.05748747,0.146448862,0.597319263
407,51.5093947,-0.160898277,1.42945572,-0.147693799,0.302096671
407.5,51.5094013,-0.16089932,1.015451,0.13902144,0.50579545
408,51.5094059,-0.160898243,1.53594971,-0.144356546,0.341066021
408.5,51.5094128,-0.160899114,0.954382258,0.162662792,0.416078637
409,51.5094171,-0.160897965,1.54579318,-0.131889776,0.506099725
409.5,51.5094241,-0.160898827,0.926431334,0.158982334,-0.0698524402
410,51.5094284,-0.160897727,1.53830669,-0.136652724,0.0287443343
410.5,51.5094353,-0.160898587,0.979223024,0.166288075,0.256145632
411,51.5094397,-0.1608974,1.52927209,-0.113969252,1.4240023
411.5,51.5094466,-0.160898178,0.926123781,0.166221534,0.69144238
412,51.5094508,-0.160897027,1.53448412,-0.13530218,0.084615499
412.5,51.5094578,-0.160897882,0.937295,0.163894267,-0.0478462843
413,51.5094619,-0.160896624,1.55453889,-0.113282843,-0.076697325
413.5,51.5094691,-0.160897524,0.922453004,0.150875587,-0.342003572
414,51.5094732,-0.160896399,1.62762181,-0.135162107,-0.683375501
414.5,51.5094806,-0.16089746,0.795080978,0.131278079,-0.829854925
415,51.5094842,-0.16089651,1.67414888,-0.152488288,-0.163785091
415.5,51.5094917,-0.160897635,0.796859461,0.129072394,-0.200681938
416,51.5094955,-0.160896798,1.71087363,-0.172687783,-0.336811151
416.5,51.5095031,-0.160897811,0.759043641,0.150717276,-0.477318334
417,51.5095066,-0.16089689,1.6894677,-0.163378935,-0.541789736
417.5,51.5095142,-0.160898183,0.767227834,0.0979432038,-1.10519392
418,51.5095177,-0.160897347,1.75141424,-0.172255342,-1.52769612
418.5,51.5095258,-0.160898566,0.702286844,0.128083719,-0.922422624
419,51.5095289,-0.160897543,1.78573338,-0.147852504,-1.01315399
419.5,51.509537,-0.160898565,0.673547936,0.149545561,-0.964796852
420,51.5095401,-0.160897603,1.7866018,-0.154391604,-0.270632094
420.5,51.5095481,-0.160898602,0.666906696,0.153383468,-0.151741822
421,51.5095512,-0.160897437,1.80684732,-0.129279461,-0.0894413089
421.5,51.5095594,-0.160898315,0.624912372,0.161077867,-0.783180905
422,51.5095622,-0.160897337,1.81155924,-0.150543074,-1.22338969
422.5,51.5095695,-0.160898504,0.487948022,0.154210911,-1.09369007
423,51.5095708,-0.160897704,1.27384681,-0.147246723,-1.11592992
423.5,51.5095756,-0.160899053,0.00259231335,0.140335072,-1.1367416
424,51.5095748,-0.160898275,0.74914283,-0.135431437,-1.91215802
424.5,51.5095775,-0.160899636,-0.375708036,0.14768259,-1.97217109
425,51.5095753,-0.160898977,0.431940784,-0.144742412,-1.21347602
